date,open,high,low,close,volume,pct,Log_Return,sigma,dayofweek,daysLeft,strike,near_option,strategy_on,strike_real,is_strike
2021-11-09,322.82,323.1,299.64,306.57,64674600,-0.0047721075185042094,-0.004783530378822086,0.38896708495555266,1,9,328.2991226895979,335.0,,280.0,
2021-11-10,293.56,308.5,287.78,294.59,63620600,-0.03907753531004343,-0.039861555171116066,0.39136232662437664,2,8,325.4909949284219,330.0,,280.0,
2021-11-11,304.68,305.9,297.77,303.9,33217200,0.03160324518822777,0.03111414080163608,0.3919733841988869,3,7,311.6716607356758,315.0,1.0,285.0,
2021-11-12,300.1,306.8,296.3,303.9,41305400,0.0,0.0,0.3915812120684937,4,6,320.206045723608,325.0,,285.0,1.0
2021-11-15,305.52,306.44,292.47,300.25,38490900,-0.012010529779532653,-0.012083238962654376,0.3918697278382625,0,10,325.09137044669586,330.0,,320.0,
2021-11-16,297.59,303.9,297.06,302.03,26448400,0.005928393005828481,0.005910889229453698,0.3918765886306244,1,9,320.0928230838469,325.0,,325.0,
2021-11-17,304.18,305.09,288.0,292.61,42850800,-0.031188954739595265,-0.03168568583755486,0.39336257756248355,2,8,320.8144773119032,325.0,,335.0,
2021-11-18,323.67,327.6,313.21,316.75,78171100,0.08249888930658544,0.07927215484925672,0.40064773961762573,3,7,309.6660486257252,315.0,1.0,330.0,
2021-11-19,322.43,330.88,319.05,329.85,53386700,0.041357537490134266,0.040525186467631535,0.40228351823820363,4,6,334.1317729108428,340.0,,315.0,1.0
2021-11-22,335.17,346.47,319.0,319.56,75433500,-0.03119599818099139,-0.03169295605503874,0.403561960483837,0,10,353.5015623734929,360.0,,325.0,
2021-11-23,315.35,323.6,308.8,317.46,53216300,-0.0065715358618100295,-0.006593223469745856,0.40359434594700033,1,9,341.3301029031434,345.0,,330.0,
2021-11-24,314.61,328.55,309.28,326.74,43516200,0.02923202923202939,0.02881292145426731,0.4043951264666249,2,8,337.8130531619025,345.0,,325.0,
2021-11-25,314.61,328.55,309.28,326.74,43516200,0.02923202923202939,0.0,0.40377696562392407,3,7,346.33533889623504,350.0,1.0,325.0,
2021-11-26,326.0,327.1,313.5,315.03,28306900,-0.035838893309665276,-0.03649687521235093,0.4042090992666605,4,6,344.813822428626,350.0,,315.0,1.0
2021-11-29,323.66,334.12,320.36,333.76,45496400,0.05945465511221171,0.057754299426396094,0.4078291185664117,0,10,337.7308394280107,345.0,,340.0,
2021-11-30,331.69,333.53,318.64,326.76,62206600,-0.02097315436241609,-0.02119621533873907,0.4085910843633036,1,9,356.7459975568921,360.0,,360.0,
2021-12-01,332.19,332.89,313.8,314.35,48436800,-0.03797894479128405,-0.038718941644598374,0.4103389323298706,2,8,347.9769061732173,355.0,,345.0,
2021-12-02,312.14,324.78,310.25,321.26,47289000,0.021981867345315598,0.021743749300549856,0.41074813445310515,3,7,333.4876433593707,340.0,1.0,345.0,
2021-12-03,320.0,321.29,301.3,306.93,54432500,-0.04460561538940422,-0.04563105557066179,0.41349601756574994,4,6,339.3459820262397,345.0,,350.0,0.0
2021-12-06,298.8,302.41,280.38,300.37,65893800,-0.021372951487309777,-0.02160466050021161,0.41422667697746474,0,10,329.57361731631823,335.0,,350.0,
2021-12-07,309.57,324.49,306.51,324.27,59305300,0.07956853214368942,0.07656145403747458,0.42057875104240044,1,9,321.39204037433615,325.0,,345.0,
2021-12-08,319.99,322.9,314.21,318.26,47555100,-0.01853393776790946,-0.01870784331418343,0.42116571901051336,2,8,345.96319091973123,350.0,,360.0,
2021-12-09,317.34,322.05,304.28,304.9,48850700,-0.04197825677119338,-0.04288480478782874,0.42364329579564564,3,7,338.16257742924745,345.0,1.0,355.0,
2021-12-10,311.5,313.05,298.61,301.98,48882500,-0.009576910462446575,-0.009623063977885342,0.4231710594068397,4,6,322.61921337060306,330.0,,340.0,0.0
2021-12-13,302.49,302.94,281.16,281.61,59834400,-0.06745479833101531,-0.06983765499931348,0.4294312857694744,0,10,324.79892970269617,330.0,,345.0,
2021-12-14,276.99,286.78,272.5,283.37,66703500,0.0062497780618586685,0.0062303291909681915,0.4294317745427943,1,9,302.0681978987906,305.0,,335.0,
2021-12-15,284.0,305.0,278.38,304.59,69829700,0.07488442672124784,0.07221314577326275,0.4348279422327996,2,8,302.73941945662614,310.0,,325.0,
2021-12-16,311.52,311.6,280.93,283.87,70736600,-0.06802587084277212,-0.07045022309680934,0.4410562503885754,3,7,324.2751624481656,330.0,1.0,350.0,
2021-12-17,279.85,289.22,277.6,278.01,71375800,-0.020643252192905304,-0.020859302617721922,0.4415279688697452,4,6,301.0652772500334,305.0,,345.0,0.0
2021-12-20,273.05,281.44,271.45,277.19,46184700,-0.0029495341894175686,-0.0029538926377562754,0.4414559710964242,0,10,299.96404061245494,305.0,,330.0,
2021-12-21,283.74,291.2,274.01,290.75,52438500,0.04891951369097014,0.047760599769820486,0.4437092583186093,1,9,297.9115409037667,305.0,,330.0,
2021-12-22,288.91,295.55,284.49,294.0,39518400,0.011177987962166736,0.011115975939907732,0.4437785679066096,2,8,311.3074608037502,315.0,,305.0,
2021-12-23,297.55,300.59,294.31,296.4,34302200,0.008163265306122325,0.008130126083250089,0.44340435136545464,3,7,313.40449972746785,320.0,1.0,310.0,
2021-12-24,297.55,300.59,294.31,296.4,34302200,0.008163265306122325,0.0,0.4387416851003566,4,6,314.45271434712674,320.0,,330.0,0.0
2021-12-27,296.6,310.87,296.4,309.45,40368600,0.044028340080971784,0.04308663476343882,0.437343521324636,0,10,319.6529178614306,325.0,,305.0,
2021-12-28,313.12,313.3,300.12,303.22,42059100,-0.020132493132977713,-0.02033791353193478,0.4379050552186636,1,9,332.3598738897946,335.0,,305.0,
2021-12-29,302.73,305.48,293.66,300.01,34313900,-0.010586372930545651,-0.01064280721944458,0.4375508772140509,2,8,324.36914463283716,330.0,,305.0,
2021-12-30,298.27,304.57,295.4,295.86,30886400,-0.013832872237591998,-0.013929437969901355,0.43768586767808343,3,7,319.5244474022072,325.0,1.0,315.0,
2021-12-31,296.74,300.3,293.31,294.11,26653000,-0.005914959778273499,-0.005932522442074247,0.4377792504698607,4,6,313.64058067650194,320.0,,320.0,0.0
2022-01-03,298.15,307.11,297.85,301.21,39154700,0.02414062765631897,0.023853848883805994,0.4373691610587668,0,10,317.1307196250663,320.0,,320.0,
2022-01-04,302.77,304.68,283.49,292.9,52715400,-0.027588725473921882,-0.027976442072133813,0.4375000207279248,1,9,323.511186926326,330.0,,325.0,
2022-01-05,289.49,294.16,275.33,276.04,49806400,-0.057562307954933334,-0.059285471081286616,0.44193876773131874,2,8,313.3098005516702,320.0,,335.0,
2022-01-06,276.4,284.38,270.65,281.78,45418600,0.020794087813360118,0.020580841872729284,0.4421810027248557,3,7,294.18114791982316,300.0,1.0,330.0,
2022-01-07,281.41,284.22,270.57,272.47,40993900,-0.03303996025267919,-0.03359810832549168,0.44310070441126914,4,6,298.89349983943157,305.0,,325.0,0.0
2022-01-10,265.81,274.69,256.44,274.0,59468100,0.005615297096928096,0.005599590088431485,0.44179008525394087,0,10,294.0661578604773,300.0,,320.0,
2022-01-11,273.23,280.65,268.39,278.17,40408900,0.015218978102189862,0.015104331197398799,0.44174085960614873,1,9,294.49913861955696,300.0,,320.0,
2022-01-12,280.67,285.95,276.08,279.99,38341300,0.006542761620591753,0.006521450660296119,0.441697226002346,2,8,297.74774017631034,305.0,,330.0,
2022-01-13,283.79,284.8,264.98,265.75,54017100,-0.050858959248544666,-0.052197871023707806,0.444716997793973,3,7,298.3803588414414,305.0,1.0,320.0,
2022-01-14,263.0,271.97,262.1,269.42,39583200,0.013809971777986929,0.01371548304836469,0.4428510318422018,4,6,281.9852785671499,285.0,,300.0,0.0
2022-01-17,263.0,271.97,262.1,269.42,39583200,0.013809971777986929,0.0,0.44279936139781306,0,10,290.7619158161143,295.0,,305.0,
2022-01-18,262.6,266.38,257.7,259.03,42427000,-0.03856432336129478,-0.03932761516284409,0.44474414922671474,1,9,289.62422162251283,295.0,,300.0,
2022-01-19,260.79,265.43,250.52,250.67,48831500,-0.03227425394741912,-0.03280655204192323,0.4458644228802913,2,8,277.3888959559983,280.0,,300.0,
2022-01-20,253.04,255.79,240.78,241.5,43518100,-0.036581960346271925,-0.037267859973027194,0.4471162007911257,3,7,267.29493313259604,270.0,1.0,305.0,
2022-01-21,235.07,248.23,232.63,233.74,71895800,-0.03213250517598343,-0.03266008658761642,0.44846089782959786,4,6,256.3357818940374,260.0,,305.0,0.0
2022-01-24,223.3,233.8,208.88,233.72,91398200,-8.556515786772856e-05,-8.556881877468124e-05,0.44840002631702264,0,10,252.4992689627416,255.0,,285.0,
2022-01-25,225.46,229.43,220.0,223.24,66461600,-0.04483997946260476,-0.045876391766003395,0.45090305658802826,1,9,251.47692793372073,255.0,,295.0,
2022-01-26,232.4,240.57,223.0,227.72,75595900,0.02006808815624428,0.01986937816264819,0.44742175737226925,2,8,239.28906465999128,245.0,,295.0,
2022-01-27,235.68,239.95,216.75,219.44,57335300,-0.036360442648867064,-0.037037957453533374,0.44888749997567906,3,7,242.87731330832756,250.0,1.0,280.0,
2022-01-28,220.12,228.58,212.96,228.4,54377400,0.0408312067079839,0.040019631152507305,0.44932434043563435,4,6,232.97561530516413,240.0,,270.0,0.0
2022-01-31,231.82,245.09,230.52,244.86,56468000,0.07206654991243444,0.06958814086391427,0.4533896266463839,0,10,246.7673721164704,250.0,,260.0,
2022-02-01,251.04,251.45,238.9,246.38,51892500,0.006207628849138169,0.0061884408880586075,0.4529152468080014,1,9,263.6780605613762,270.0,,255.0,
2022-02-02,257.94,258.17,245.53,252.42,54341900,0.024514976865005256,0.02421930729665646,0.4534562025428013,2,8,264.1744668641879,270.0,,255.0,
2022-02-03,244.58,250.77,237.8,239.48,41017800,-0.05126376673797639,-0.05262446077333322,0.4561843330081617,3,7,269.45545850789307,275.0,1.0,245.0,
2022-02-04,239.72,246.35,236.32,243.19,35482900,0.015491899114748575,0.015373124768422518,0.45540065542522123,4,6,254.49923155451077,260.0,,250.0,0.0
2022-02-07,243.72,251.82,242.02,247.28,37686800,0.01681812574530195,0.01667826699828693,0.45558198510264847,0,10,263.0217219568716,270.0,,240.0,
2022-02-08,243.59,252.3,239.8,251.08,41035900,0.01536719508249762,0.015250315625470155,0.45575200407621014,1,9,266.379398002813,270.0,,250.0,
2022-02-09,256.22,267.25,253.53,267.05,52428200,0.06360522542615898,0.06166429333644833,0.45776434849898684,2,8,269.3315286861552,275.0,,270.0,
2022-02-10,259.95,269.25,256.0,258.24,51320000,-0.03299007676465082,-0.03354652170419535,0.4588483956042762,3,7,285.24975219634763,290.0,1.0,270.0,
2022-02-11,259.16,261.52,237.73,239.49,60547200,-0.07260687732342008,-0.07537772275576679,0.4648262847297276,4,6,274.5332885574543,280.0,,275.0,0.0
2022-02-14,239.34,248.75,237.55,242.67,44042400,0.013278216209444915,0.013190833372153585,0.45652401746977617,0,10,259.44060661657363,265.0,,260.0,
2022-02-15,249.49,265.45,247.84,264.95,69986900,0.09181192566036178,0.08783863324080013,0.46363314788981164,1,9,261.4535504528301,265.0,,270.0,
2022-02-16,262.59,265.82,255.52,265.11,73267600,0.0006038875259484211,0.0006037052592517879,0.463589971866694,2,8,284.55485099291593,290.0,,270.0,
2022-02-17,256.3,257.85,241.65,245.07,81059500,-0.07559126400362126,-0.07860095017613526,0.4693853507094849,3,7,283.41523366898855,290.0,1.0,275.0,
2022-02-18,246.68,249.86,231.0,236.42,76125500,-0.035296037866731966,-0.035933999699656737,0.4684642310548034,4,6,260.898652327806,265.0,,290.0,0.0
2022-02-21,246.68,249.86,231.0,236.42,76125500,-0.035296037866731966,0.0,0.4669966292199692,0,10,256.2753021347275,260.0,,280.0,
2022-02-22,230.35,240.64,230.0,233.9,63342200,-0.010658996700786627,-0.010716210732097437,0.46716062870251984,1,9,255.15578828452848,260.0,,265.0,
2022-02-23,238.02,241.55,223.01,223.87,56651100,-0.04288157332193243,-0.04382814735034317,0.46345236444615,2,8,251.3437938225833,255.0,,265.0,
2022-02-24,210.15,238.0,208.9,237.48,73580100,0.060794210925983805,0.05901788316268449,0.46090838302032705,3,7,239.32296369863172,245.0,1.0,290.0,
2022-02-25,237.21,242.17,233.81,241.57,52886600,0.017222502947616736,0.017075876762750773,0.4610875869633835,4,6,252.53282183844942,260.0,,290.0,0.0
2022-02-28,239.92,246.65,237.07,243.85,47731900,0.009438258061845506,0.009393995990836334,0.45950649927428733,0,10,261.5255114855849,265.0,,265.0,
2022-03-01,242.91,243.77,231.32,234.77,41205600,-0.03723600574123431,-0.03794697067864472,0.46110012494731184,1,9,262.8528817754595,270.0,,260.0,
2022-03-02,237.56,244.09,234.15,242.2,38964200,0.03164799591089151,0.031157519641575048,0.46140809059329757,2,8,252.04337850585748,255.0,,260.0,
2022-03-03,242.62,243.26,234.69,237.14,36509500,-0.020891824938067738,-0.021113147089067433,0.46197751063486986,3,7,258.84199870602055,265.0,1.0,255.0,
2022-03-04,233.84,236.8,224.82,229.36,43141500,-0.03280762418824312,-0.03335786245480996,0.4633486514071264,4,6,252.20722235551446,255.0,,245.0,0.0
2022-03-07,228.17,230.33,213.3,213.52,45082100,-0.06906173700732476,-0.07156231647884573,0.46655007258436304,0,10,248.40353887342872,255.0,,260.0,
2022-03-08,213.09,223.73,206.5,215.14,55746700,0.007587111277632008,0.0075584739075906186,0.4665197592469914,1,9,230.4242067790915,235.0,,265.0,
2022-03-09,223.87,232.2,222.47,230.14,49274200,0.06972204146137395,0.06739884039145311,0.4704677050023102,2,8,231.16189984433666,235.0,,270.0,
2022-03-10,225.31,227.88,218.82,226.58,42806600,-0.015468845050838453,-0.015589735949969827,0.4706771269722987,3,7,246.2744649833706,250.0,1.0,255.0,
2022-03-11,230.22,231.45,220.46,221.0,36720900,-0.024627063288904627,-0.024935381927589755,0.4701186051078946,4,6,241.25596670063277,245.0,,265.0,0.0
2022-03-14,218.69,222.62,211.59,213.3,38535400,-0.034841628959276005,-0.03546307604044792,0.4715050431111135,0,10,239.62851502383458,245.0,,255.0,
2022-03-15,215.18,230.38,213.22,229.73,49199600,0.0770276605719642,0.07420508082677453,0.47649340732818857,1,9,230.3731292412893,235.0,,255.0,
2022-03-16,235.0,245.97,231.72,244.96,67142200,0.06629521612327527,0.06419022560529417,0.48045836259032615,2,8,247.21778904965043,250.0,,235.0,
2022-03-17,241.2,248.42,239.06,247.66,47194100,0.011022207707380716,0.010961905877578818,0.4804574480904118,3,7,262.51090808909237,270.0,1.0,235.0,
2022-03-18,247.99,265.69,246.24,264.53,73071900,0.06811758055398531,0.06589782862975839,0.48344347889776357,4,6,264.04547469917213,270.0,,250.0,1.0
2022-03-21,265.07,271.52,259.67,267.34,59172700,0.010622613692208738,0.010566590126615993,0.48247673658271356,0,10,287.48641466008075,290.0,,245.0,
2022-03-22,267.27,272.38,260.72,265.24,54700700,-0.007855165706590728,-0.007886180042659978,0.48258418058503905,1,9,289.2564586393204,295.0,,245.0,
2022-03-23,261.26,266.12,255.75,256.34,50212000,-0.03355451666415332,-0.034130388198989024,0.4838704520578424,2,8,285.69872389478104,290.0,,235.0,
2022-03-24,261.66,283.2,259.07,281.5,87737900,0.09815089334477656,0.0936277592780672,0.492251897390187,3,7,274.8412933984821,280.0,1.0,250.0,
2022-03-25,278.86,283.58,272.71,276.92,57901600,-0.016269982238010572,-0.016403791769920316,0.492319315530958,4,6,300.59673936196907,305.0,,270.0,1.0
2022-03-28,277.56,282.5,272.06,282.19,42549400,0.019030767008522353,0.018851947119932613,0.4924930094788282,0,10,301.41181916722144,305.0,,270.0,
2022-03-29,286.95,289.46,279.8,286.56,48898400,0.015486020057408068,0.015367335382644341,0.4926466408058223,1,9,305.82369667819574,310.0,,290.0,
2022-03-30,283.04,284.96,275.03,276.9,46348700,-0.03371021775544403,-0.03429150813548563,0.49126162678386853,2,8,309.14177994263997,315.0,,295.0,
2022-03-31,277.82,282.48,272.7,272.86,52344000,-0.014590104730949682,-0.014697587042187986,0.490746632577736,3,7,297.2014129908828,300.0,1.0,290.0,
2022-04-01,273.75,274.96,262.67,267.12,51723500,-0.021036428937916907,-0.021260847499329,0.4904975640688746,4,6,291.31213254178124,295.0,,280.0,0.0
2022-04-04,267.28,275.58,266.13,273.6,39712000,0.0242587601078168,0.023969190112996402,0.488146196436543,0,10,290.6539079145435,295.0,,305.0,
2022-04-05,272.54,273.19,258.2,259.31,43661500,-0.05222953216374271,-0.05364292857910215,0.4910602413956883,1,9,296.30386348474104,300.0,,305.0,
2022-04-06,249.34,253.0,240.03,244.07,70383300,-0.05877135474914197,-0.06056918777389311,0.4936320842620396,2,8,279.6760781506455,285.0,,310.0,
2022-04-07,244.41,247.22,234.78,242.08,55799200,-0.008153398615151297,-0.008186819355354293,0.49352481614412,3,7,262.0538743713575,265.0,1.0,315.0,
2022-04-08,239.17,239.23,230.62,231.19,52478100,-0.04498512888301398,-0.046028366772399666,0.49572551813120325,4,6,258.54639728055366,265.0,,300.0,0.0
2022-04-11,222.14,223.2,216.6,219.17,57520700,-0.05199186816038759,-0.05339219887401862,0.497517372918698,0,10,251.7848814019025,255.0,,295.0,
2022-04-12,225.37,227.25,212.82,215.04,66225800,-0.01884381986585748,-0.019023627058842838,0.497252445192595,1,9,237.72068280432947,245.0,,295.0,
2022-04-13,217.28,225.0,214.55,222.03,51694300,0.032505580357142794,0.03198845054269993,0.49803989012408734,2,8,232.1503621115266,235.0,,300.0,
2022-04-14,225.05,227.77,211.63,212.58,56909700,-0.042561815970814654,-0.04349411977204898,0.5000057661232963,3,7,238.54128065426337,245.0,1.0,285.0,
2022-04-15,225.05,227.77,211.63,212.58,56909700,-0.042561815970814654,0.0,0.4999408142951559,4,6,227.23607987333023,230.0,,265.0,0.0
2022-04-18,212.0,220.88,210.79,217.83,52570100,0.024696584815128375,0.024396553954829397,0.5004705119015077,0,10,231.68512087399344,235.0,,265.0,
2022-04-19,217.2,223.73,213.14,221.98,51278100,0.0190515539641003,0.018872345663568223,0.5002778442947362,1,9,236.38123695188335,240.0,,255.0,
2022-04-20,225.17,226.7,212.0,214.82,46897400,-0.032255158122353356,-0.032786819553932485,0.5012848954535847,2,8,239.75422133753582,245.0,,245.0,
2022-04-21,217.09,223.92,200.0,201.83,65620900,-0.06046923005306759,-0.06237470925787316,0.5041442315714112,3,7,230.90299792669572,235.0,1.0,235.0,
2022-04-22,203.03,204.86,195.0,195.15,62471300,-0.03309716097705995,-0.03365726528540376,0.5053190846081915,4,6,215.86402011383703,220.0,,245.0,0.0
2022-04-25,192.02,199.45,190.96,199.02,64156600,0.01983089930822457,0.019636828560392203,0.5056457704212023,0,10,212.88564509183283,220.0,,230.0,
2022-04-26,197.18,197.88,186.7,187.88,65314300,-0.055974273942317465,-0.05760186102822182,0.5087133969131582,1,9,216.15191163106005,220.0,,235.0,
2022-04-27,185.98,191.67,182.9,184.15,49946000,-0.019853097721950097,-0.020052818267719957,0.5076833484417116,2,8,203.18752147186493,210.0,,240.0,
2022-04-28,189.67,200.37,184.9,197.82,57032700,0.07423296225902787,0.07160688342062028,0.5125657611108598,3,7,198.11930657625763,205.0,1.0,245.0,
2022-04-29,194.02,201.28,185.17,185.47,50043500,-0.062430492366798096,-0.06446438241049915,0.5152020269521397,4,6,211.8129073361559,215.0,,235.0,0.0
2022-05-02,185.41,195.74,183.91,195.33,57204900,0.05316223648029328,0.05179729201568484,0.5176160067039746,0,10,202.67041010025582,210.0,,220.0,
2022-05-03,194.0,198.25,191.33,196.02,47575100,0.003532483489479432,0.0035262589241534907,0.516059969574383,1,9,212.55938482252563,220.0,,220.0,
2022-05-04,199.23,204.0,187.51,203.34,64885500,0.03734312825221919,0.036662760005981204,0.517226041567003,2,8,212.23065494352258,215.0,,220.0,
2022-05-05,198.67,199.25,185.0,188.44,62633100,-0.07327628602340908,-0.07609980101517462,0.5228732267491382,3,7,219.0659004474442,225.0,1.0,210.0,
2022-05-06,187.36,195.12,179.9,186.75,63329700,-0.008968371895563543,-0.009008829818913641,0.5229667093953978,4,6,202.04691118712267,205.0,,205.0,0.0
2022-05-09,180.34,182.55,168.27,169.5,64445500,-0.09236947791164662,-0.09691789719242178,0.5307501616812912,0,10,204.34206366527266,210.0,,215.0,
2022-05-10,176.89,181.98,170.25,175.95,76147400,0.038053097345132736,0.0373469369470892,0.531435243382883,1,9,184.84706624659356,190.0,,210.0,
2022-05-11,173.47,177.53,165.68,166.3,67016700,-0.05484512645637951,-0.05640647756871202,0.5329684216152688,2,8,190.9523948087389,195.0,,220.0,
2022-05-12,162.19,167.88,155.67,161.75,70872800,-0.02736019242333143,-0.02774145281787215,0.5336985972913905,3,7,179.56797324154886,185.0,1.0,215.0,
2022-05-13,167.88,179.28,165.93,177.06,67043700,0.09465224111282855,0.0904367248018932,0.5412774674531166,4,6,173.68019449464478,180.0,,225.0,0.0
2022-05-16,175.09,177.88,171.06,172.64,52144600,-0.02496328928046998,-0.0252801566730786,0.5417084228923161,0,10,194.35089403664585,200.0,,205.0,
2022-05-17,180.74,183.71,176.34,181.77,58583000,0.05288461538461542,0.05153365011518288,0.542056011601633,1,9,188.60859910465518,195.0,,210.0,
2022-05-18,177.05,181.18,168.64,169.38,54516100,-0.06816306321175114,-0.07059744013155445,0.546691806010084,2,8,197.59148787546005,205.0,,190.0,
2022-05-19,169.37,176.87,167.34,171.24,62131000,0.010981225646475412,0.010921369783292431,0.5467966371925711,3,7,183.25555316713113,190.0,1.0,195.0,
2022-05-20,173.32,174.1,157.55,166.94,73910500,-0.025110955384256117,-0.025431614854154863,0.5465146212954486,4,6,184.1915583994863,190.0,,185.0,0.0
2022-05-23,162.74,169.15,161.79,168.98,63988900,0.012219959266802416,0.01214589830210812,0.5465312273127847,0,10,183.4078937258332,190.0,,180.0,
2022-05-24,165.1,165.97,157.8,161.54,58855000,-0.044028879157296696,-0.04502757471054847,0.5472289562306161,1,9,184.7555187067442,190.0,,200.0,
2022-05-25,160.2,171.11,160.0,169.75,78113200,0.050823325492138194,0.04957397642465528,0.5494946419056451,2,8,175.74055985915888,180.0,,195.0,
2022-05-26,160.36,180.92,160.22,178.51,99657500,0.051605301914580126,0.05031785562065517,0.5517283841155753,3,7,183.7300159880543,190.0,1.0,205.0,
2022-05-27,181.86,188.81,181.0,188.11,73837900,0.05377849980393279,0.05238227604546865,0.5541685751513975,4,6,192.13772592290414,195.0,,190.0,0.0
2022-05-30,181.86,188.81,181.0,188.11,73837900,0.05377849980393279,0.0,0.554157304057141,0,10,206.9386968101005,210.0,,190.0,
2022-05-31,189.8,192.0,183.5,186.72,66410000,-0.00738929349848505,-0.007416729566683497,0.5537536772876189,1,9,205.92774716118996,210.0,,190.0,
2022-06-01,187.24,190.53,181.22,183.2,54451400,-0.018851756640959727,-0.019031716298215963,0.5539825214777,2,8,203.33823929231306,210.0,,190.0,
2022-06-02,182.92,196.19,181.98,195.92,64865600,0.06943231441048026,0.06712796040388232,0.557868735022395,3,7,198.41591837856828,205.0,1.0,180.0,
2022-06-03,190.82,193.32,185.22,187.2,59877900,-0.04450796243364641,-0.045528848600420654,0.5597538817373303,4,6,211.04955976283213,215.0,,190.0,0.0
2022-06-06,191.39,193.37,185.64,187.86,42240600,0.003525641025641235,0.003519440522877866,0.557834468631891,0,10,206.13570842491134,210.0,,195.0,
2022-06-07,184.72,190.0,181.88,189.26,38891400,0.00745235813903955,0.007424726513717144,0.5578825719379565,1,9,205.77760189616865,210.0,,210.0,
2022-06-08,187.99,191.8,185.35,186.48,36325200,-0.014688787910810519,-0.014797736352584934,0.5579621826824019,2,8,206.2353676900432,210.0,,210.0,
2022-06-09,184.81,189.33,180.41,180.48,39557400,-0.03217503217503215,-0.03270402641780759,0.5583704581815704,3,7,202.08413811594744,205.0,1.0,210.0,
2022-06-10,176.0,176.97,168.69,169.74,46524800,-0.05950797872340419,-0.061352113768163186,0.5616323348101672,4,6,194.43024127480788,200.0,,205.0,0.0
2022-06-13,160.0,163.12,156.06,156.47,60415300,-0.07817839047955699,-0.08140355622756495,0.5673710069309159,0,10,186.97003845752172,190.0,,215.0,
2022-06-14,157.31,160.66,154.12,158.36,46968000,0.012078992778168374,0.01200662392396402,0.5674540621860465,1,9,171.6608404706269,175.0,,210.0,
2022-06-15,160.95,168.68,159.26,165.27,56393600,0.043634756251578644,0.04270957791480495,0.5669429077410225,2,8,172.81833868582373,180.0,,210.0,
2022-06-16,158.6,159.42,154.01,156.01,54574900,-0.056029527439946825,-0.057660392393576884,0.5697833868279456,3,7,179.3311478176426,185.0,1.0,210.0,
2022-06-17,156.48,159.95,153.28,158.8,63033400,0.0178834690083971,0.0177254410538775,0.5700906152583826,4,6,168.32479031069195,175.0,,205.0,0.0
2022-06-20,156.48,159.95,153.28,158.8,63033400,0.0178834690083971,0.0,0.5699773273476338,0,10,175.17440920635056,180.0,,200.0,
2022-06-21,164.75,170.08,164.07,165.66,48308900,0.043198992443324924,0.0422919463570827,0.5714355116346326,1,9,174.29121620707792,180.0,,190.0,
2022-06-22,162.26,166.62,161.8,163.6,43713500,-0.012435108052637922,-0.01251307100147137,0.5715539691055886,2,8,180.89569024525474,185.0,,175.0,
2022-06-23,165.19,165.85,158.53,162.25,46368000,-0.008251833740831271,-0.00828606858444728,0.5714908443556337,3,7,177.63699493247205,185.0,1.0,180.0,
2022-06-24,165.0,171.4,163.1,171.26,47215300,0.05553158705701078,0.054044514013846606,0.5739302371565217,4,6,175.0972108019604,180.0,,185.0,0.0
2022-06-27,173.12,173.3,166.26,168.69,42796800,-0.015006422982599465,-0.015120158625825867,0.5736652789683266,0,10,189.0441116371654,195.0,,175.0,
2022-06-28,169.0,172.02,159.45,159.82,46114900,-0.05258165866382125,-0.054014529025903334,0.5760822778631997,1,9,185.25754492937193,190.0,,180.0,
2022-06-29,158.14,158.2,151.7,155.42,48235200,-0.027530972343886906,-0.02791705216522062,0.5762187369777898,2,8,174.6434925470805,180.0,,180.0,
2022-06-30,153.61,155.67,148.62,151.59,68607000,-0.024642903101273816,-0.02495162180916909,0.5765923174276514,3,7,168.86855976451227,175.0,1.0,185.0,
2022-07-01,148.99,150.63,143.92,145.23,57761000,-0.04195527409459732,-0.042860815352214275,0.5777813194730105,4,6,163.70445461312593,170.0,,185.0,0.0
2022-07-04,148.99,150.63,143.92,145.23,57761000,-0.04195527409459732,0.0,0.5761014954158521,0,10,160.4173952693439,165.0,,180.0,
2022-07-05,141.75,149.71,140.55,149.64,65139700,0.03036562693658329,0.029913716860232652,0.5753583373835328,1,9,159.55693657301492,165.0,,195.0,
2022-07-06,150.1,153.19,147.89,151.3,52906600,0.01109329056402042,0.011032211314364944,0.5744518321423837,2,8,163.5010600972932,170.0,,190.0,
2022-07-07,154.56,159.45,153.89,158.58,49290300,0.04811632518175801,0.04699457704994252,0.5763809865535704,3,7,164.3502256567096,170.0,1.0,180.0,
2022-07-08,154.3,160.37,153.89,158.38,46797200,-0.001261193088662016,-0.0012619890619865494,0.5747908440525066,4,6,171.24824123665448,175.0,,175.0,0.0
2022-07-11,155.26,155.27,150.38,151.52,43732100,-0.0433135496906174,-0.04427957934449821,0.576337654611522,0,10,174.85251873613615,180.0,,170.0,
2022-07-12,152.68,154.31,148.77,150.82,45848300,-0.00461985216473082,-0.004630556663267243,0.5763483968821775,1,9,166.4738651780872,170.0,,165.0,
2022-07-13,145.9,153.75,144.65,151.64,52191800,0.005436944702294166,0.005422217873633168,0.576246034298395,2,8,164.81548498847525,170.0,,165.0,
2022-07-14,151.08,154.73,147.28,153.72,45623500,0.013716697441308545,0.01362347504850928,0.5764193019339814,3,7,164.76212248852357,170.0,1.0,170.0,
2022-07-15,156.59,157.82,154.45,157.62,38593500,0.02537080405932879,0.025054307228860446,0.5767783276988182,4,6,166.00084584383887,170.0,,170.0,0.0
2022-07-18,163.02,168.97,160.02,161.01,67051700,0.021507422915873597,0.021279401931343655,0.5771337005236103,0,10,174.073019264871,180.0,,175.0,
2022-07-19,164.86,171.1,161.72,169.92,70236600,0.05533817775293448,0.053861263196726725,0.5796636303043264,1,9,176.9234543078173,180.0,,180.0,
2022-07-20,169.47,179.33,168.01,178.07,76053800,0.04796374764595113,0.04684899335964911,0.5814481744370621,2,8,185.78269461582815,190.0,,170.0,
2022-07-21,178.85,181.44,175.45,180.5,55704900,0.013646318863368423,0.013554046359712663,0.5816043654047999,3,7,193.62425041619989,200.0,1.0,170.0,
2022-07-22,178.93,179.67,171.37,173.19,53667100,-0.04049861495844875,-0.04134152003198371,0.5825709133421823,4,6,195.05513760445913,200.0,,170.0,1.0
2022-07-25,170.19,171.24,166.49,170.24,48074800,-0.017033316011316968,-0.017180051587672253,0.5825120698517279,0,10,191.45909723991488,195.0,,170.0,
2022-07-26,168.89,169.19,164.78,165.33,39786500,-0.028841635338345828,-0.02926572959002586,0.5830773024676041,1,9,187.2300811337592,190.0,,180.0,
2022-07-27,170.32,179.36,169.13,177.9,56977600,0.07602975866448913,0.07327811810853573,0.5877601882483832,2,8,180.85923449320464,185.0,,180.0,
2022-07-28,179.75,181.4,174.4,179.84,47464600,0.010905002810567721,0.01084597203353678,0.5876114218944902,3,7,193.6153336345543,200.0,1.0,190.0,
2022-07-29,178.13,182.44,176.92,181.63,43546000,0.00995329181494653,0.009904084056025731,0.58758668967192,4,6,194.49764387368043,200.0,,200.0,0.0
2022-08-01,181.82,188.46,179.9,184.41,47646900,0.01530584154600012,0.015189888825675705,0.5876938996265781,0,10,200.96283958574259,205.0,,200.0,
2022-08-02,181.22,189.38,180.92,185.26,48952700,0.0046092945068054725,0.004598704238853665,0.5875364681654669,1,9,202.98595917198384,210.0,,195.0,
2022-08-03,181.84,189.68,181.37,188.93,41814600,0.019809996761308568,0.019616332259345275,0.5877600135505017,2,8,202.80042290820757,210.0,,190.0,
2022-08-04,188.49,192.74,187.6,192.15,40965200,0.017043349388662365,0.016899740925626253,0.5874808274331209,3,7,205.6196968139549,210.0,1.0,185.0,
2022-08-05,188.1,192.29,186.66,189.89,38606800,-0.011761644548529904,-0.011831359873527634,0.587197911089847,4,6,207.80733698991196,215.0,,200.0,0.0
2022-08-08,175.02,182.39,172.42,177.93,98185900,-0.06298383274527353,-0.06505474261858044,0.5894699876958072,0,10,210.08797982467868,215.0,,200.0,
2022-08-09,172.52,174.47,167.24,170.86,66826300,-0.03973472713988646,-0.04054570679527232,0.5886351266599689,1,9,195.9100322663786,200.0,,205.0,
2022-08-10,176.98,181.18,173.17,180.97,59742200,0.059171251316867624,0.057486763948637165,0.5890259785637078,2,8,187.06867207086773,190.0,,210.0,
2022-08-11,181.31,187.07,178.76,179.42,50932700,-0.008564955517489148,-0.008601845540972328,0.5890391618270091,3,7,196.9924407142731,200.0,1.0,210.0,
2022-08-12,181.6,187.18,179.53,187.09,47809400,0.04274885742949519,0.0418603583661899,0.5902489161226411,4,6,194.0803569542495,200.0,,210.0,0.0
2022-08-15,187.01,191.64,186.13,190.32,45766600,0.017264418194451903,0.017117081497375036,0.5904871081801776,0,10,207.09889402070033,210.0,,215.0,
2022-08-16,189.2,191.42,185.01,188.79,45124000,-0.008039092055485475,-0.008071579787750312,0.5899560039657828,1,9,209.5868664582683,215.0,,215.0,
2022-08-17,185.23,186.88,181.45,183.35,44679900,-0.02881508554478518,-0.029238391689616852,0.5906365440537252,2,8,206.741647025234,210.0,,200.0,
2022-08-18,183.01,188.65,181.83,187.73,41544700,0.023888737387510295,0.023607865818935835,0.5910050872638897,3,7,199.6294582654434,205.0,1.0,190.0,
2022-08-19,184.06,185.2,177.7,178.49,44158800,-0.049219623927981626,-0.050472183094854316,0.5930875850219608,4,6,203.12260380563075,210.0,,200.0,0.0
2022-08-22,174.9,175.58,169.66,170.34,40959300,-0.045660821334528534,-0.04673613752848159,0.594854805915975,0,10,197.67571302908962,205.0,,200.0,
2022-08-23,169.89,174.65,169.7,171.81,36998600,0.008629799225079227,0.008592775360940783,0.5945665728525614,1,9,187.71805793074427,195.0,,210.0,
2022-08-24,170.12,174.06,168.95,172.22,52266100,0.0023863570222919517,0.002383514194143392,0.5945758996356754,2,8,188.2806639713237,195.0,,215.0,
2022-08-25,168.44,179.47,168.33,179.13,77069100,0.04012309836255956,0.039339069958991654,0.5959095758848785,3,7,187.61765414025385,195.0,1.0,210.0,
2022-08-26,178.57,179.24,162.37,162.6,76912700,-0.09227935019259759,-0.09681860211330057,0.6034325953381501,4,6,193.94425315599239,200.0,,205.0,0.0
2022-08-29,160.2,163.38,157.67,158.01,49613200,-0.028228782287822884,-0.02863487495030256,0.6040240615342126,0,10,180.3986827771713,185.0,,210.0,
2022-08-30,159.6,160.39,151.82,154.68,53018100,-0.021074615530662477,-0.02129985542431119,0.6041682895757207,1,9,174.39109388104558,180.0,,205.0,
2022-08-31,153.84,155.4,149.59,150.94,57371000,-0.02417895009050952,-0.024476059882374064,0.6044640041202224,2,8,169.7592669493504,175.0,,195.0,
2022-09-01,142.09,143.8,132.7,139.37,117886500,-0.07665297469193055,-0.0797501397253041,0.6094764096774288,3,7,164.66941897283465,170.0,1.0,195.0,
2022-09-02,141.0,141.71,135.91,136.47,74315700,-0.020807921360407544,-0.021027456881395814,0.609744342084173,4,6,151.1692758573479,155.0,,195.0,0.0
2022-09-05,141.0,141.71,135.91,136.47,74315700,-0.020807921360407544,0.0,0.6097423426139815,0,10,151.57301195030576,155.0,,200.0,
2022-09-06,137.31,137.79,133.51,134.65,53575100,-0.01333626438044988,-0.013425990992414458,0.6096996501417253,1,9,150.75873440798975,155.0,,185.0,
2022-09-07,135.63,138.38,133.46,137.14,51265700,0.018492387671741328,0.018323482598610247,0.6090376528711741,2,8,147.90251355690103,155.0,,180.0,
2022-09-08,134.59,140.08,133.69,139.9,62487300,0.020125419279568568,0.01992557981521735,0.6093702115349806,3,7,149.7127644388093,155.0,1.0,175.0,
2022-09-09,141.57,144.74,141.26,143.87,48661200,0.028377412437455396,0.027982232377506265,0.6091501335846764,4,6,151.7419977001956,155.0,,170.0,0.0
2022-09-12,143.69,145.47,141.98,145.05,48415900,0.00820184889136022,0.0081683965184713,0.6086704472784282,0,10,159.77561927837868,165.0,,155.0,
2022-09-13,138.02,139.22,130.99,131.31,71495600,-0.09472595656670124,-0.09951757069649948,0.616268276985173,1,9,160.2090339221146,165.0,,155.0,
2022-09-14,132.54,132.9,129.13,131.28,58850700,-0.00022846698652045916,-0.00022849308907821488,0.6160291608599284,2,8,144.37973060495324,150.0,,155.0,
2022-09-15,130.15,132.33,127.9,129.29,52362500,-0.015158439975624716,-0.015274503515373657,0.6146340051231897,3,7,143.4599133804905,150.0,1.0,155.0,
2022-09-16,127.42,132.12,126.17,131.98,67075100,0.020805940134581258,0.02059245268881375,0.6150034789872704,4,6,140.33236353357566,145.0,,155.0,0.0
2022-09-19,130.12,134.63,130.1,133.82,56968500,0.013941506288831729,0.013845217399395406,0.6150958131346784,0,10,146.71887489623288,150.0,,155.0,
2022-09-20,132.15,134.83,130.57,131.76,52481800,-0.015393812584068134,-0.015513527485285984,0.6152425553471179,1,9,147.96057345467042,155.0,,165.0,
2022-09-21,132.13,140.31,131.1,132.61,80767900,0.0064511232544022246,0.006430403820123008,0.6133956117706149,2,8,144.8516425775092,150.0,,165.0,
2022-09-22,130.7,131.49,124.28,125.61,75916200,-0.05278636603574405,-0.054230620990346104,0.614494483038445,3,7,144.85835379879387,150.0,1.0,150.0,
2022-09-23,124.2,126.11,122.57,125.16,66330900,-0.003582517315500411,-0.0035889498984803163,0.6143349560876851,4,6,136.3355267358158,140.0,,150.0,0.0
2022-09-26,124.91,126.59,122.14,122.28,54734300,-0.0230105465004794,-0.02327942177804765,0.614374339572379,0,10,139.1212398456084,145.0,,145.0,
2022-09-27,125.07,127.36,122.58,124.13,55385400,0.01512921164540404,0.015015906505222753,0.6145395547389609,1,9,135.1852288768876,140.0,,150.0,
2022-09-28,124.1,128.23,123.54,127.36,54241400,0.026021106904052127,0.025688318568216347,0.6151480744280553,2,8,136.44875756731196,140.0,,155.0,
2022-09-29,124.48,125.0,119.46,122.2,53276300,-0.04051507537688437,-0.04135867535857788,0.6164099476068032,3,7,139.15856304660883,145.0,1.0,150.0,
2022-09-30,120.87,126.33,120.75,121.39,56563800,-0.006628477905073704,-0.006650543827782727,0.6162432144232818,4,6,132.6682356534625,140.0,,150.0,0.0
2022-10-03,123.47,126.78,121.05,125.12,54747800,0.03072740752945058,0.03026477388728872,0.6157974473856708,0,10,134.97503799863938,140.0,,140.0,
2022-10-04,128.79,132.2,128.79,131.67,58418200,0.05234974424552408,0.051025515571251165,0.6180493783118386,1,9,138.3571089624056,145.0,,145.0,
2022-10-05,129.11,133.21,126.21,132.09,50713100,0.0031897926634769647,0.0031847160675199195,0.617797365080359,2,8,144.81527038408368,150.0,,140.0,
2022-10-06,132.2,136.56,131.03,131.3,64415700,-0.005980770686652925,-0.005998727127021535,0.6177883821750723,3,7,144.3818279082607,150.0,1.0,140.0,
2022-10-07,125.05,126.7,120.22,120.76,67247800,-0.08027418126428032,-0.0836796764701125,0.6231223757776666,4,6,142.5739879998162,150.0,,145.0,0.0
2022-10-10,120.37,121.24,114.08,116.7,69869900,-0.03362040410732037,-0.03419856554612782,0.6232618385065344,0,10,134.43363434472255,140.0,,140.0,
2022-10-11,115.61,118.46,112.83,115.86,66748200,-0.007197943444730126,-0.007223973624032275,0.6232647497482182,1,9,129.2037154207817,135.0,,140.0,
2022-10-12,115.79,117.35,113.45,115.0,49259000,-0.007422751596754651,-0.007450437305227956,0.6228962444062736,2,8,127.52924477768313,135.0,,145.0,
2022-10-13,109.71,120.78,108.13,119.6,85010300,0.040000000000000036,0.03922071315328133,0.6206305241763139,3,7,125.7938373946365,130.0,1.0,150.0,
2022-10-14,120.57,121.11,112.04,112.27,71343200,-0.06128762541806021,-0.06324615704584327,0.6235114458006318,4,6,129.9186015256145,135.0,,150.0,0.0
2022-10-17,115.18,119.48,115.17,118.88,58077400,0.058875924111516875,0.05720789649876093,0.6260057632786016,0,10,124.99068409125529,130.0,,150.0,
2022-10-18,123.44,124.92,116.18,119.67,65936200,0.006645356662180468,0.006623373615976032,0.6254612091385292,1,9,131.6762811987105,135.0,,140.0,
2022-10-19,118.79,123.5,118.34,120.51,52313100,0.007019303083479533,0.006994782453875538,0.62540317642255,2,8,131.76753658772057,135.0,,135.0,
2022-10-20,121.13,127.69,121.05,121.94,65239800,0.011866235167206085,0.011796383440369564,0.625077161350128,3,7,131.8686067817717,135.0,1.0,135.0,
2022-10-21,120.98,124.98,118.87,124.66,60949400,0.022306052156798373,0.022060910901034438,0.6254948200386471,4,6,132.53904862885722,140.0,,130.0,0.0
2022-10-24,125.08,127.1,120.64,125.99,51745700,0.010669019733675622,0.010612507341833853,0.6145823164795626,0,10,138.83191769642437,145.0,,135.0,
2022-10-25,126.94,133.0,126.64,132.61,50548200,0.05254385268672124,0.051209950966969314,0.617003296986189,1,9,139.29150700318866,145.0,,130.0,
2022-10-26,128.69,133.88,127.08,128.96,53295300,-0.02752431943292366,-0.027910210931189502,0.6163147068216244,2,8,145.82562616598622,150.0,,135.0,
2022-10-27,136.3,138.38,131.22,131.76,58311300,0.021712158808932847,0.02147980711106657,0.6168172610538011,3,7,140.93046383724896,145.0,1.0,135.0,
2022-10-28,131.04,138.5,130.61,138.34,52104000,0.049939283545840985,0.04873233730305383,0.6179137655113736,4,6,143.05496022331397,150.0,,135.0,1.0
2022-10-31,137.78,138.38,132.97,134.97,48634100,-0.024360271794130473,-0.02466189165124812,0.6173392753626968,0,10,153.86619328300523,160.0,,140.0,
2022-11-01,138.11,139.25,135.19,135.43,43281700,0.003408164777358058,0.003402370146089484,0.6173664723459602,1,9,149.28677741910738,155.0,,145.0,
2022-11-02,138.5,142.1,132.11,132.19,67262800,-0.02392379827217017,-0.024214620075971718,0.6176607029450849,2,8,148.9349891244333,155.0,,145.0,
2022-11-03,130.43,137.81,129.56,134.21,50006500,0.015281034874045085,0.015165455818406394,0.6178678888163265,3,7,144.48828961025757,150.0,1.0,150.0,
2022-11-04,139.86,142.29,136.97,141.56,61257600,0.05476492064674754,0.053317918067547994,0.619780180585615,4,6,145.73539823344535,150.0,,145.0,0.0
2022-11-07,142.28,144.12,139.54,143.01,41006100,0.010243006499010887,0.010190902407581233,0.6144134822473034,0,10,157.4981749709208,160.0,,150.0,
2022-11-08,148.01,148.91,142.16,146.02,59529200,0.021047479197259022,0.020829040743095786,0.6133223669158229,1,9,158.10404942607101,165.0,,160.0,
2022-11-09,141.62,142.11,137.59,137.76,45441400,-0.056567593480345235,-0.058230557948519106,0.6151301230761531,2,8,160.4810598134705,165.0,,155.0,
2022-11-10,148.0,157.73,145.47,157.5,70081900,0.14329268292682928,0.1339124175862671,0.630245024686627,3,7,150.52162438274735,155.0,1.0,155.0,
2022-11-11,158.07,163.89,154.82,163.27,65548700,0.0366349206349208,0.03597981387238545,0.6306463563024851,4,6,171.30793604989617,175.0,,150.0,1.0
2022-11-14,162.18,165.4,159.22,162.95,52785200,-0.0019599436516201107,-0.0019618668545025877,0.630640809423172,0,10,181.99259744367293,185.0,,150.0,
2022-11-15,167.22,169.98,163.82,166.66,54587600,0.02276772015955819,0.022512403670490212,0.6302321635397156,1,9,180.62666213977099,185.0,,160.0,
2022-11-16,161.62,163.62,158.73,159.1,64954700,-0.04536181447257892,-0.046422873610319555,0.6288367273069463,2,8,183.64264357395624,190.0,,165.0,
2022-11-17,157.15,162.66,155.35,156.77,71089400,-0.014644877435574966,-0.014753172263301358,0.6286819183570477,3,7,174.18200127926445,180.0,1.0,165.0,
2022-11-18,159.66,160.02,151.2,154.09,49207200,-0.01709510748229892,-0.01724291578667768,0.6278201745736718,4,6,170.47840159640532,175.0,,155.0,0.0
2022-11-21,151.47,154.77,150.8,153.17,40473900,-0.005970536699331674,-0.005988431617299502,0.6273427212748771,0,10,171.67636119360662,175.0,,175.0,
2022-11-22,153.28,160.58,151.22,160.38,47286600,0.04707188091662862,0.04599758370242004,0.6277738063939258,1,9,169.694314141557,175.0,,185.0,
2022-11-23,160.98,165.27,160.48,165.19,42724100,0.029991270732011577,0.02955032718816675,0.6283010224393298,2,8,176.6558333850237,180.0,,185.0,
2022-11-24,160.98,165.27,160.48,165.19,42724100,0.029991270732011577,0.0,0.6232888984738012,3,7,180.83535449140308,185.0,1.0,190.0,
2022-11-25,163.18,164.87,161.72,162.7,16793400,-0.015073551667776575,-0.015188312342057244,0.6232079451653219,4,6,179.50553921960022,185.0,,180.0,0.0
2022-11-28,160.26,163.57,157.25,158.27,30374100,-0.02722802704363847,-0.0276055788798002,0.6224046679267294,0,10,181.1251614104501,185.0,,175.0,
2022-11-29,158.27,159.32,155.2,156.39,29838400,-0.011878435584760316,-0.011949547897067635,0.622435364148292,1,9,175.20316809543266,180.0,,175.0,
2022-11-30,156.97,169.3,155.97,169.23,56529800,0.08210243621714941,0.07890584897187015,0.624076694888192,2,8,172.11938443947685,175.0,,175.0,
2022-12-01,169.99,172.65,166.35,171.35,47097700,0.012527329669680398,0.012449511900623498,0.6241902273446998,3,7,185.14531021991812,190.0,1.0,180.0,
2022-12-02,166.59,169.33,164.45,168.76,37138900,-0.015115261161365634,-0.015230661064479924,0.6198627715503151,4,6,186.22175078817838,190.0,,185.0,0.0
2022-12-05,166.79,169.95,164.72,166.1,35225500,-0.015762028916804893,-0.015887570636888698,0.6162346385249033,0,10,187.7632798812247,195.0,,185.0,
2022-12-06,165.3,165.73,158.19,159.87,35269400,-0.03750752558699577,-0.03822903164244859,0.6170090685064494,1,9,183.68571481979308,190.0,,185.0,
2022-12-07,157.72,161.86,156.67,161.2,37238800,0.008319259398261059,0.008284845095727307,0.6170975513427558,2,8,175.8024551088049,180.0,,180.0,
2022-12-08,162.73,171.79,159.59,171.69,51545600,0.065074441687345,0.06304469501659275,0.618526295236021,3,7,176.18294306999812,180.0,1.0,175.0,
2022-12-09,171.6,175.83,169.75,170.01,46533800,-0.009785077756421456,-0.009833266239483027,0.6184319835499484,4,6,186.45039340100277,190.0,,190.0,0.0
2022-12-12,170.37,175.38,167.97,175.35,45732800,0.03140991706370211,0.03092671773654952,0.6192329526822901,0,10,189.107453911572,195.0,,190.0,
2022-12-13,185.31,187.9,177.11,180.72,65658900,0.030624465355004293,0.030164895573560734,0.6200689805306324,1,9,194.01002539196884,200.0,,195.0,
2022-12-14,179.87,182.52,174.2,176.74,49688800,-0.02202301903497117,-0.022269146069889407,0.6187446210873783,2,8,198.82399135001126,205.0,,190.0,
2022-12-15,171.46,173.2,167.0,169.52,47854200,-0.04085096752291506,-0.04170881212981478,0.6197410617307172,3,7,193.21315675672008,200.0,1.0,180.0,
2022-12-16,168.64,170.41,164.1,165.71,47823200,-0.022475224162340712,-0.02273164131834118,0.6200221406694362,4,6,184.12365744012766,190.0,,180.0,0.0
2022-12-19,165.72,166.09,161.45,162.54,35403900,-0.019129805081166018,-0.01931514731664382,0.6201464549666187,0,10,184.3748916394237,190.0,,190.0,
2022-12-20,160.64,163.1,158.52,160.85,40326000,-0.010397440629998811,-0.010451871640023432,0.6201889365028393,1,9,179.86366841356426,185.0,,195.0,
2022-12-21,161.14,166.27,161.02,165.01,32502500,0.025862604911408127,0.02553382443967821,0.6202625933581953,2,8,176.96674237691587,180.0,,200.0,
2022-12-22,160.94,161.38,148.82,153.39,56504500,-0.07041997454699722,-0.07302238036469609,0.6237542042754216,3,7,180.42929717248424,185.0,1.0,205.0,
2022-12-23,151.96,153.39,148.83,152.06,34932600,-0.008670708651150605,-0.00870851795972692,0.6211820733059285,4,6,166.69328082907384,170.0,,200.0,0.0
2022-12-26,151.96,153.39,148.83,152.06,34932600,-0.008670708651150605,0.0,0.6207595663377896,0,10,169.22119743718903,175.0,,190.0,
2022-12-27,150.74,151.0,140.56,141.21,46490200,-0.07135341312639742,-0.07402703571912993,0.6241039316038685,1,9,168.28354874687824,175.0,,190.0,
2022-12-28,139.27,142.62,138.84,140.36,35106600,-0.00601940372494858,-0.006037593366146162,0.6240587696590625,2,8,155.45254296335364,160.0,,185.0,
2022-12-29,144.02,146.83,142.27,146.03,35492300,0.040396124251923515,0.03960152933736561,0.6252383602877787,3,7,153.5598218561732,160.0,1.0,180.0,
2022-12-30,143.34,146.29,142.33,146.14,31049000,0.0007532698760528422,0.0007529863106916523,0.6251808738655531,4,6,158.72636782290667,165.0,,185.0,0.0
2023-01-02,143.34,146.29,142.33,146.14,31049000,0.0007532698760528422,0.0,0.6231975796488702,0,10,162.74506659922088,170.0,,170.0,
2023-01-03,148.51,149.96,140.96,143.15,40127700,-0.020459833036813868,-0.020672034818947554,0.6232550294554065,1,9,161.79633955999674,165.0,,175.0,
2023-01-04,145.67,148.53,142.41,147.49,43132400,0.03031784841075802,0.029867345327286986,0.6240908489925416,2,8,157.56761667488334,165.0,,175.0,
2023-01-05,144.91,145.64,141.48,142.65,38916800,-0.032815784120957425,-0.03336629921190204,0.6237650101741281,3,7,161.3610912418213,165.0,1.0,160.0,
2023-01-06,144.74,150.1,140.34,148.59,40504400,0.04164037854889591,0.04079675760874703,0.624501015170782,4,6,155.02204036989468,160.0,,160.0,0.0
2023-01-09,152.84,160.56,151.41,156.28,50423100,0.0517531462413352,0.0504584349186138,0.6256981496942301,0,10,165.45408172833382,170.0,,165.0,
2023-01-10,155.07,159.62,154.72,159.09,38410100,0.01798054773483493,0.017820809630278496,0.6252287578111905,1,9,173.09333344572784,180.0,,170.0,
2023-01-11,158.4,160.28,155.63,160.01,35328500,0.005782890187943757,0.005766233463634809,0.6252696836718009,2,8,175.16626676035486,180.0,,165.0,
2023-01-12,161.0,166.37,154.92,165.11,55140900,0.03187300793700398,0.03137560516295788,0.624537387863645,3,7,175.08829222803996,180.0,1.0,165.0,
2023-01-13,162.78,169.22,161.65,168.99,44728700,0.023499485191690317,0.023227623130991092,0.6246601333942375,4,6,179.4484774217517,185.0,,165.0,1.0
2023-01-16,162.78,169.22,161.65,168.99,44728700,0.023499485191690317,0.0,0.6236229387464985,0,10,188.17451466846433,195.0,,160.0,
2023-01-17,168.99,177.28,168.99,177.02,51110200,0.04751760459198762,0.04642317896599852,0.6240789068062433,1,9,187.10731345483123,190.0,,170.0,
2023-01-18,176.67,178.73,172.82,173.77,43962400,-0.018359507400293795,-0.0185301348065679,0.620280217508644,2,8,194.87361466660408,200.0,,180.0,
2023-01-19,170.36,171.97,167.31,167.65,45293200,-0.03521896760085175,-0.03585411282192553,0.6211906357633286,3,7,190.0083543652065,195.0,1.0,180.0,
2023-01-20,170.11,178.56,168.25,178.39,56496700,0.06406203399940336,0.0620936918509385,0.6239153420915309,4,6,182.12776190165243,185.0,,180.0,0.0
2023-01-23,180.64,192.45,178.18,191.93,65516300,0.07590111553338197,0.07315855745461058,0.6262174994560239,0,10,198.61617930251566,205.0,,185.0,
2023-01-24,188.27,194.95,188.2,192.65,49620400,0.0037513676861355982,0.0037443488543798917,0.626022451791988,1,9,212.59675764882238,220.0,,195.0,
2023-01-25,189.13,193.7,185.8,193.23,44953700,0.00301064105891502,0.0030061181547423395,0.6257857344876485,2,8,212.14347481741376,215.0,,190.0,
2023-01-26,197.01,201.66,192.78,198.02,48953500,0.0247891114216221,0.024486846467459748,0.6260943168445473,3,7,211.45444253111648,215.0,1.0,200.0,
2023-01-27,194.62,206.28,194.05,203.65,54214200,0.02843147156852832,0.028034798400052883,0.6236164037129329,4,6,215.26113058807465,220.0,,195.0,1.0
2023-01-30,199.5,201.4,191.5,191.62,48861100,-0.059071937147066045,-0.06088858987169431,0.6256418545864302,0,10,226.7285358521696,230.0,,185.0,
2023-01-31,191.7,196.87,189.5,195.37,49801700,0.01956998225654938,0.019380952380816784,0.6215222638496424,1,9,212.2334247912972,215.0,,205.0,
2023-02-01,196.91,211.92,196.11,209.43,66047700,0.07196601320571228,0.06949435804687568,0.625334038117855,2,8,214.98968539802303,220.0,,220.0,
2023-02-02,210.0,219.49,207.0,217.09,56427600,0.036575466743064444,0.03592245945024419,0.620096912246112,3,7,229.16743272955122,235.0,1.0,215.0,
2023-02-03,210.0,217.45,207.89,211.0,42936600,-0.02805288129347272,-0.028453880624597472,0.6207118262429591,4,6,235.8028637049111,240.0,,215.0,0.0
2023-02-06,208.06,215.7,207.86,210.89,45219700,-0.0005213270142180315,-0.0005214629523934567,0.6157909226188059,0,10,234.7940446381633,240.0,,220.0,
2023-02-07,213.82,222.59,211.5,221.73,66415000,0.051401204419365465,0.05012375494123194,0.616845165488833,1,9,233.2009240600166,240.0,,230.0,
2023-02-08,223.87,228.78,220.08,222.05,55965100,0.0014431966806476293,0.0014421562732061953,0.616847448856992,2,8,243.8211964162638,250.0,,215.0,
2023-02-09,226.06,230.2,221.2,223.37,52387600,0.005944607070479613,0.005927007607354161,0.6167884258168238,3,7,242.67998354373975,250.0,1.0,220.0,
2023-02-10,216.9,220.78,208.11,212.65,55073700,-0.04799212069660208,-0.04918196764582294,0.617191887728648,4,6,242.51717975395462,250.0,,235.0,0.0
2023-02-13,215.38,220.48,209.62,217.88,47491900,0.024594403950152888,0.024296830815831227,0.614819077755446,0,10,236.48677411430356,240.0,,240.0,
2023-02-14,215.78,230.49,213.66,229.71,67547400,0.05429594272076388,0.052873191277668194,0.6168759420731496,1,9,240.892189923029,245.0,,240.0,
2023-02-15,225.49,228.55,221.06,227.64,42057500,-0.009011362152279045,-0.009052210058218704,0.6168637152628903,2,8,252.59744929010878,260.0,,240.0,
2023-02-16,221.33,225.5,219.27,220.02,41202600,-0.033473906167633016,-0.03404698242363341,0.6166368672365428,3,7,248.78991612984615,255.0,1.0,250.0,
2023-02-17,216.31,217.4,209.75,213.88,46588800,-0.027906553949641033,-0.02830334123075892,0.6164623334999478,4,6,238.8751917454781,245.0,,250.0,0.0
2023-02-20,216.31,217.4,209.75,213.88,46588800,-0.027906553949641033,0.0,0.6161147711237303,0,10,237.8247800851511,245.0,,250.0,
2023-02-21,210.0,214.94,206.18,206.55,41001500,-0.03427155414250971,-0.03487259623775716,0.6161979542177933,1,9,236.51975703053574,240.0,,240.0,
2023-02-22,207.07,211.04,204.21,207.54,51318400,0.004793028322439996,0.004781578334358716,0.6120635636781971,2,8,227.10616453215982,230.0,,245.0,
2023-02-23,234.4,238.88,230.25,236.64,111799500,0.14021393466319743,0.1312159067853573,0.6259534539447382,3,7,226.6656784570329,230.0,1.0,260.0,
2023-02-24,232.25,234.74,229.47,232.86,58971600,-0.015973630831642938,-0.016102584353619664,0.6225375068939372,4,6,257.23885046708733,260.0,,255.0,0.0
2023-02-27,236.7,238.8,234.54,235.01,45299400,0.009233015545821344,0.009190651821416837,0.6224057980632682,0,10,259.2006005929257,265.0,,245.0,
2023-02-28,233.72,238.25,232.06,232.16,45596300,-0.012127143525807349,-0.012201277294409174,0.6220207702755804,1,9,260.1535612137462,265.0,,245.0,
2023-03-01,231.92,232.56,225.08,226.98,46002600,-0.02231219848380428,-0.02256488126288484,0.6214118400624978,2,8,255.49386533034067,260.0,,240.0,
2023-03-02,224.88,233.8,224.32,233.14,38941500,0.027138954974006424,0.02677722361869333,0.617542508290333,3,7,248.2311441313471,255.0,1.0,230.0,
2023-03-03,233.2,239.0,231.3,238.9,41239300,0.024706185124817814,0.02440592284007765,0.6146692897378679,4,6,253.1501128501515,260.0,,230.0,1.0
2023-03-06,238.91,242.48,234.87,235.54,43742900,-0.014064462118041132,-0.014164303918361544,0.6147288751916394,0,10,265.56389489528397,270.0,,260.0,
2023-03-07,236.0,241.25,232.41,232.88,51515400,-0.011293198607455146,-0.011357450976034569,0.6112336747082365,1,9,260.4135790224117,265.0,,265.0,
2023-03-08,234.87,242.0,234.24,241.81,51357300,0.03834592923394031,0.037628994381137815,0.6123239754499973,2,8,255.86092527131032,260.0,,265.0,
2023-03-09,241.75,244.54,233.83,234.36,50125700,-0.030809313097059587,-0.031293899141917554,0.6130583314079501,3,7,264.1037073875787,270.0,1.0,260.0,
2023-03-10,234.09,236.27,227.26,229.65,47486600,-0.020097286226318567,-0.02030198390478551,0.6124521880692804,4,6,254.3227130419174,260.0,,255.0,0.0
2023-03-13,227.52,232.98,222.97,229.66,42189000,4.354452427612898e-05,4.354357624085283e-05,0.6051278562822737,0,10,255.18408088231195,260.0,,260.0,
2023-03-14,234.96,242.19,234.6,240.63,47491000,0.04776626317164512,0.0466605296988997,0.6067799239598433,1,9,253.5148329553078,260.0,,270.0,
2023-03-15,237.61,242.86,233.6,242.28,52448600,0.006857000374018263,0.006833598065803625,0.606512919221829,2,8,264.1944759966309,270.0,,265.0,
2023-03-16,240.27,255.88,238.94,255.41,58325300,0.05419349512960214,0.05277601498699936,0.6086518769703778,3,7,264.3956648634541,270.0,1.0,260.0,
2023-03-17,259.82,263.99,256.68,257.25,84854700,0.007204103206609025,0.007178277614413258,0.6077494732496572,4,6,277.002942076484,280.0,,270.0,0.0
2023-03-20,256.15,260.24,251.3,259.0,43274700,0.006802721088435382,0.006779686985378769,0.6076178477381355,0,10,285.62152624411056,290.0,,260.0,
2023-03-21,261.8,263.92,253.81,261.99,54740800,0.011544401544401506,0.011478273394213452,0.6073608721654233,1,9,286.018666878763,290.0,,260.0,
2023-03-22,264.25,275.89,262.37,264.68,79729500,0.010267567464407046,0.010215214050107497,0.6069697731324046,2,8,287.6719539750636,295.0,,260.0,
2023-03-23,271.15,274.99,266.9,271.91,56488900,0.027316004231525026,0.026949580045553485,0.6051841527999121,3,7,288.85937466501196,295.0,1.0,270.0,
2023-03-24,270.31,271.67,263.55,267.79,45492000,-0.015152072376889425,-0.015268037929020838,0.6023066953150124,4,6,294.76156369991674,300.0,,270.0,0.0
2023-03-27,268.37,270.0,263.65,265.31,36102600,-0.009260988087680722,-0.009304137649532439,0.6023236644893069,0,10,297.04551771519243,300.0,,280.0,
2023-03-28,264.47,265.13,258.5,264.1,35610400,-0.004560702574346931,-0.0045711343077722765,0.6005419283510361,1,9,292.7337185922437,300.0,,290.0,
2023-03-29,268.25,270.78,265.97,269.84,39369400,0.021734191594092955,0.021501371450308084,0.5984571042381496,2,8,289.68448960489,295.0,,290.0,
2023-03-30,272.29,274.99,271.02,273.83,36451600,0.0147865401719538,0.01467828512719414,0.5982837947539591,3,7,294.12992362953077,300.0,1.0,295.0,
2023-03-31,271.4,278.34,271.05,277.77,43393300,0.014388489208633004,0.014285957247476434,0.5976235481864571,4,6,296.56992323425345,300.0,,295.0,0.0
2023-04-03,275.09,280.0,273.36,279.65,39871600,0.006768189509306355,0.006745388139531655,0.5959870744681756,0,10,307.86752007003713,315.0,,300.0,
2023-04-04,279.66,280.0,273.07,274.53,36859200,-0.01830860003575896,-0.018478276672200446,0.5963073159942855,1,9,308.23683604268894,315.0,,300.0,
2023-04-05,268.29,269.98,263.95,268.81,51501500,-0.020835609951553424,-0.021055734257440915,0.5962502440747339,2,8,300.9286195225144,305.0,,300.0,
2023-04-06,265.84,270.8,264.27,270.37,39765400,0.005803355529928167,0.005786580930245979,0.5959963351974947,3,7,292.9140920442325,300.0,1.0,295.0,
2023-04-07,265.84,270.8,264.27,270.37,39765400,0.005803355529928167,0.0,0.5950433354011564,4,6,292.73329060213314,300.0,,300.0,0.0
2023-04-10,268.23,276.21,266.69,275.79,39527900,0.020046602803565516,0.019848315275571536,0.5919361240592814,0,10,299.5326288070152,305.0,,300.0,
2023-04-11,277.24,277.9,271.26,271.69,31437800,-0.014866383842779052,-0.014977996088765903,0.5911247116903026,1,9,303.78121878695,310.0,,315.0,
2023-04-12,273.7,274.68,264.48,264.95,44625900,-0.024807685229489507,-0.025120581516236116,0.5914261302752273,2,8,297.5779775911405,305.0,,315.0,
2023-04-13,267.34,268.87,263.29,264.63,35361500,-0.0012077750518965091,-0.001208504999985755,0.5884844053419287,3,7,288.50744558988924,295.0,1.0,305.0,
2023-04-14,265.04,268.83,262.2,267.58,39566000,0.011147640101273337,0.011085963106687854,0.5881706515561683,4,6,286.23166792360126,290.0,,300.0,0.0
2023-04-17,265.65,270.06,264.33,270.02,32147100,0.009118768218850493,0.009077443283626887,0.5839949222799681,0,10,296.091187852238,300.0,,300.0,
2023-04-18,275.33,281.1,273.57,276.67,60481200,0.02462780534775222,0.024329429913626223,0.5807069718010428,1,9,297.04012395896166,300.0,,305.0,
2023-04-19,273.61,280.0,272.32,279.31,35866000,0.00954205371019623,0.00949681586266665,0.5785716533020304,2,8,302.54682113771963,310.0,,310.0,
2023-04-20,276.71,280.3,270.0,271.04,42771300,-0.029608678529232657,-0.030055864641703123,0.5794228442384668,3,7,303.5816744960306,310.0,1.0,305.0,
2023-04-21,269.52,271.83,267.22,271.19,34510300,0.0005534238488782428,0.0005532707663770566,0.5783335274551834,4,6,292.810904578262,300.0,,295.0,0.0
2023-04-24,270.13,273.66,266.71,270.42,33928200,-0.00283933773369216,-0.0028433762994547872,0.5731265810187541,0,10,299.57811053461586,305.0,,290.0,
2023-04-25,270.78,272.47,262.25,262.41,37852700,-0.02962059019303298,-0.030068139830738593,0.5738981909518083,1,9,296.9526245685809,300.0,,300.0,
2023-04-26,270.02,273.3,267.05,269.56,40633700,0.027247437216569415,0.026882833978142943,0.5659130710885177,2,8,286.65242357584805,290.0,,300.0,
2023-04-27,273.63,274.95,266.25,272.26,37716100,0.010016322896572172,0.009966492006310768,0.5648497243111055,3,7,292.45074604371365,295.0,1.0,310.0,
2023-04-28,272.25,277.58,270.71,277.49,29168700,0.019209579078821815,0.019027404416812683,0.5620847428185359,4,6,293.55790622752056,300.0,,310.0,0.0
2023-05-01,278.4,290.58,277.8,289.1,57032900,0.041839345562002306,0.040987752521160825,0.5626313933158492,0,10,305.681375293157,310.0,,300.0,
2023-05-02,286.8,288.36,280.83,282.1,40273000,-0.02421307506053272,-0.024511031014349805,0.556259952098156,1,9,316.9217839331651,320.0,,305.0,
2023-05-03,278.4,283.67,274.72,278.02,38338700,-0.014462956398440419,-0.014568564459004183,0.5558384468705451,2,8,307.325710900129,310.0,,300.0,
2023-05-04,276.51,278.59,272.4,275.62,32185000,-0.008632472483993903,-0.008669948101947723,0.5536963816926662,3,7,301.1918162748526,305.0,1.0,290.0,
2023-05-05,278.26,287.55,277.31,286.8,36101400,0.040563094115086074,0.03976200327846658,0.550225918132257,4,6,296.7391098732014,300.0,,295.0,0.0
2023-05-08,285.22,292.2,283.5,291.51,34497900,0.016422594142259328,0.016289201793991934,0.5503385909140336,0,10,315.2929202813529,320.0,,300.0,
2023-05-09,288.99,289.73,284.5,285.71,31486900,-0.01989640149566052,-0.020097000145189375,0.550096347920792,1,9,318.92282650352354,325.0,,310.0,
2023-05-10,290.05,291.13,284.61,288.85,36935000,0.010990164852472839,0.01093021185300666,0.550075473121702,2,8,310.9632767963551,315.0,,320.0,
2023-05-11,288.96,289.5,282.46,285.78,32214900,-0.010628353816860114,-0.010685238186450672,0.548188551857892,3,7,312.66482973671526,320.0,1.0,310.0,
2023-05-12,285.29,287.8,280.46,283.4,27402700,-0.00832808454055567,-0.00836295678424396,0.5462266188340364,4,6,307.4517289427192,310.0,,305.0,0.0
2023-05-15,285.08,289.69,281.52,289.53,29392600,0.02163020465772747,0.021399591330574178,0.5444227039640543,0,10,311.34072256824555,315.0,,300.0,
2023-05-16,288.41,298.7,288.32,292.13,44940500,0.008980071149794489,0.008939990086024566,0.542108267524454,1,9,316.4507575662967,320.0,,320.0,
2023-05-17,295.84,301.99,294.3,301.78,43253500,0.03303323862663876,0.032499366412326314,0.5429766072218049,2,8,317.55991514489216,325.0,,325.0,
2023-05-18,304.1,318.28,303.2,316.78,74872500,0.04970508317317246,0.048509251548768895,0.5448924629402867,3,7,326.32705954383476,330.0,1.0,315.0,
2023-05-19,315.36,315.8,309.16,312.64,47312400,-0.013069006881747502,-0.01315515777985625,0.5446953325456031,4,6,340.65282013279955,345.0,,320.0,0.0
2023-05-22,309.01,315.2,306.8,311.76,37200000,-0.002814738996929411,-0.0028187078239641653,0.5407913274021209,0,10,343.3730022151902,350.0,,310.0,
2023-05-23,310.0,312.88,306.31,306.88,35625300,-0.015653066461380538,-0.01577686933538038,0.5389901442402695,1,9,340.54570777752076,345.0,,315.0,
2023-05-24,302.1,306.07,298.06,305.38,72141900,-0.004887904066736226,-0.004899888939707852,0.5390314659570792,2,8,333.43378498812956,340.0,,320.0,
2023-05-25,385.23,394.8,366.35,379.8,154391100,0.24369637828279522,0.21808789562281994,0.5807400692024524,3,7,330.0323103573607,335.0,1.0,325.0,
2023-05-26,378.9,391.7,375.5,389.46,71439700,0.025434439178514845,0.025116365895246545,0.5808998690629285,4,6,410.3789701991216,415.0,,330.0,1.0
2023-05-29,378.9,391.7,375.5,389.46,71439700,0.025434439178514845,0.0,0.5798057210333628,0,10,430.41869487709886,435.0,,345.0,
2023-05-30,405.95,419.38,399.49,401.11,92340100,0.029913213166949282,0.029474539630336,0.5767827125657267,1,9,428.1391373182654,435.0,,350.0,
2023-05-31,394.88,402.95,378.22,378.34,100258000,-0.05676747027000084,-0.05844244166625089,0.5738423537565639,2,8,438.36069560845795,445.0,,345.0,
2023-06-01,384.89,400.5,383.4,397.7,63587300,0.051170904477454204,0.04990468997612775,0.5756547297141223,3,7,410.9372534550858,415.0,1.0,340.0,
2023-06-02,400.97,405.0,390.58,393.27,48165500,-0.011139049534825252,-0.011201553335817396,0.5745058295448849,4,6,429.4288722431156,435.0,,335.0,1.0
2023-06-05,389.09,395.65,387.07,391.71,39609400,-0.003966740407353786,-0.003974628789770707,0.5712727145357342,0,10,434.15125866574016,440.0,,415.0,
2023-06-06,388.3,391.6,381.48,386.54,38872900,-0.013198539736029136,-0.013286414530735157,0.5713474935915925,1,9,430.0129503309008,435.0,,435.0,
2023-06-07,389.15,394.99,373.56,374.75,51199800,-0.030501371138821343,-0.030976218574614595,0.5723784196612999,2,8,422.0842237785897,425.0,,435.0,
2023-06-08,377.24,388.64,375.05,385.1,41777200,0.027618412274849957,0.027243903838156176,0.5715492609413163,3,7,406.9521322863915,410.0,1.0,445.0,
2023-06-09,390.37,397.11,385.67,387.7,42722000,0.006751493118670293,0.006728803856020055,0.5713370302184936,4,6,415.5960623371851,420.0,,415.0,0.0
2023-06-12,392.0,395.3,386.18,394.82,38870100,0.018364714985813713,0.018198120160638293,0.5714058876262683,0,10,427.7688407262681,435.0,,435.0,
2023-06-13,401.86,411.01,397.4,410.22,61320800,0.039005116255508954,0.038263636316235895,0.5702218972748901,1,9,433.43648479920665,440.0,,440.0,
2023-06-14,408.24,430.0,405.52,429.97,74046500,0.04814489785968501,0.04702183765812885,0.5715727738557905,2,8,447.86408995250264,455.0,,435.0,
2023-06-15,426.02,432.89,421.47,426.53,56862200,-0.008000558178477668,-0.008032734377339567,0.5687528358507649,3,7,466.86299248596293,470.0,1.0,425.0,
2023-06-16,434.5,437.21,426.61,426.92,65475500,0.0009143553794574988,0.0009139376112172246,0.5678638379864765,4,6,460.1352974091124,465.0,,410.0,1.0
2023-06-19,434.5,437.21,426.61,426.92,65475500,0.0009143553794574988,0.0,0.5671339310999634,0,10,470.76068869160935,475.0,,420.0,
2023-06-20,429.98,439.9,426.74,438.08,45115300,0.02614072894219044,0.025804900054319728,0.5655791485092266,1,9,468.34926003003454,475.0,,435.0,
2023-06-21,435.01,436.15,420.8,430.45,55160300,-0.017416910153396636,-0.01757036899612043,0.5659885740368285,2,8,477.9389093392921,485.0,,440.0,
2023-06-22,422.53,434.26,422.34,430.25,41773700,-0.00046463003833197014,-0.00046473801231482946,0.5654239216105775,3,7,467.0084306023921,470.0,1.0,455.0,
2023-06-23,424.64,428.09,420.15,422.09,35632300,-0.018965717606043042,-0.019147873652300765,0.5658625869428598,4,6,463.94240721652073,470.0,,470.0,0.0
2023-06-26,424.61,427.64,401.0,406.32,59432200,-0.03736170011135065,-0.0380775349463585,0.5657786478926667,0,10,465.2743785329726,470.0,,465.0,
2023-06-27,407.99,419.4,404.48,418.76,46217500,0.03061626304390619,0.030156936958164543,0.5663721929342383,1,9,445.6515440132367,450.0,,475.0,
2023-06-28,406.6,418.45,405.18,411.17,58263900,-0.018124940299933057,-0.0182912091701482,0.5647484714766209,2,8,456.9168582043087,460.0,,475.0,
2023-06-29,415.58,416.0,406.0,408.22,38051400,-0.007174647955833335,-0.007200509515109352,0.5647935718630382,3,7,446.01129927581843,450.0,1.0,485.0,
2023-06-30,416.8,425.5,415.01,423.02,50053400,0.03625496056048205,0.03561321448653189,0.5656787497575484,4,6,440.15026526677957,445.0,,470.0,0.0
2023-07-03,425.17,428.98,422.02,424.13,19820900,0.002623989409484162,0.0026205527597824908,0.5655992097295021,0,10,466.2847712750607,470.0,,470.0,
2023-07-04,425.17,428.98,422.02,424.13,19820900,0.002623989409484162,0.0,0.5652188584365455,1,9,465.1719103706217,470.0,,470.0,
2023-07-05,421.35,431.77,420.85,423.17,32361800,-0.0022634569589512488,-0.002266022449636675,0.5649835367296838,2,8,462.69399431723735,470.0,,450.0,
2023-07-06,418.44,421.79,413.46,421.03,30358200,-0.005057069262944025,-0.005069899511624848,0.5628139331060631,3,7,459.04368361216854,465.0,1.0,460.0,
2023-07-07,423.22,432.14,421.8,425.03,35525300,0.009500510652447502,0.009455664617529128,0.5611688720689192,4,6,453.8424264847754,460.0,,450.0,0.0
2023-07-10,426.57,428.11,416.49,421.8,35390800,-0.007599463567277476,-0.00762848662380435,0.5611858311513916,0,10,468.13677176255464,475.0,,445.0,
2023-07-11,424.81,427.58,420.67,424.05,29824400,0.005334281650071215,0.00532010476303491,0.5593905249295712,1,9,462.2831359882315,465.0,,470.0,
2023-07-12,430.33,439.35,427.77,439.02,48127700,0.0353024407499114,0.03469359731628441,0.5598651830391329,2,8,462.191772600853,465.0,,470.0,
2023-07-13,445.18,461.55,444.92,459.77,47820400,0.04726436153250413,0.0461813943174647,0.5604802901655324,3,7,475.8864092828949,480.0,1.0,470.0,
2023-07-14,465.83,480.88,450.6,454.69,77066400,-0.011049002762250626,-0.01111049637487485,0.5563545465571738,4,6,495.44738601910854,500.0,,465.0,0.0
2023-07-17,462.89,464.96,452.62,464.61,51048800,0.02181706217422863,0.02158247592960929,0.5565960815811877,0,10,500.39003595484166,505.0,,460.0,
2023-07-18,467.01,478.96,457.34,474.94,57019000,0.022233701383956417,0.021990136270463565,0.5568610443396581,1,9,508.82038889861747,515.0,,475.0,
2023-07-19,474.64,478.18,467.42,470.77,42750200,-0.008780056428180472,-0.0088188282362282,0.5568862010682962,2,8,517.4575766398498,520.0,,465.0,
2023-07-20,465.07,470.87,450.62,455.2,53786500,-0.03307347537013827,-0.033632769218307004,0.5581365064786771,3,7,510.08369788554114,515.0,1.0,465.0,
2023-07-21,457.88,458.66,441.0,443.09,96283200,-0.026603690685413017,-0.02696397313035835,0.5587351757918756,4,6,490.369486619408,495.0,,480.0,0.0
2023-07-24,447.31,451.09,440.4,446.12,38251600,0.006838339840664398,0.006815064444573305,0.558581218518218,0,10,487.82401420660915,495.0,,500.0,
2023-07-25,449.41,461.83,449.23,456.79,34808100,0.02391733165964327,0.023635792557279902,0.5587398864198561,1,9,488.7293711977185,495.0,,505.0,
2023-07-26,460.21,460.53,446.3,454.52,36423700,-0.004969460802557113,-0.004981849633807736,0.5545553671827548,2,8,497.82674416042295,505.0,,515.0,
2023-07-27,465.19,473.95,457.5,459.0,45597600,0.009856551966910265,0.00980829301073693,0.5528031693088987,3,7,492.3113757920653,495.0,1.0,520.0,
2023-07-28,466.68,470.27,463.81,467.5,33119400,0.0185185185185186,0.018349138668196617,0.5503758305910578,4,6,494.11156804611926,500.0,,515.0,0.0
2023-07-31,467.54,471.3,465.06,467.29,25105500,-0.0004491978609625358,-0.000449298780544721,0.5502522642151237,0,10,513.9583127792553,520.0,,495.0,
2023-08-01,464.6,469.0,460.27,465.07,23785800,-0.004750797149521757,-0.0047621180560847454,0.5489881539123317,1,9,511.2255038072724,515.0,,495.0,
2023-08-02,458.31,458.4,433.87,442.69,53014200,-0.048121788117917674,-0.0493181810696369,0.5513621848890745,2,8,506.09015163605244,510.0,,495.0,
2023-08-03,438.0,451.18,438.0,445.15,32417600,0.005556936004879276,0.005541553197204927,0.5512471083460858,3,7,479.2772939569083,485.0,1.0,505.0,
2023-08-04,449.85,456.42,443.93,446.8,36225800,0.0037066157475009742,0.0036997631753655875,0.5502720939879889,4,6,479.10268385028263,485.0,,495.0,0.0
2023-08-07,451.11,455.4,445.63,454.17,32215400,0.016495076096687544,0.01636051009685145,0.5500543481445747,0,10,491.1924566151641,495.0,,500.0,
2023-08-08,448.53,452.42,440.56,446.64,35384300,-0.016579694827927982,-0.016718676289792213,0.5477596861691177,1,9,496.855876891895,500.0,,520.0,
2023-08-09,442.74,443.12,421.34,425.54,58644900,-0.04724162636575313,-0.04839395035653321,0.5479152445525254,2,8,485.94266440776687,490.0,,515.0,
2023-08-10,421.6,435.74,418.35,423.88,49270500,-0.0039009258824083126,-0.003908554338936568,0.5479442503231927,3,7,460.4812269413125,465.0,1.0,510.0,
2023-08-11,417.51,420.18,406.39,408.55,53200900,-0.03616589600830422,-0.03683609047591879,0.5494320574816824,4,6,456.00949552579203,460.0,,485.0,0.0
2023-08-14,404.86,438.0,403.11,437.53,69028600,0.07093379023375346,0.0685309690446111,0.5521165944459886,0,10,449.0771290951467,455.0,,485.0,
2023-08-15,445.6,452.68,437.1,439.4,67651200,0.0042739926405046536,0.004264885075182226,0.5428441847193668,1,9,478.8131689393624,485.0,,495.0,
2023-08-16,445.2,446.75,434.06,434.86,52745100,-0.010332271279016814,-0.010386019743597093,0.5420507399633853,2,8,477.7038926025156,485.0,,500.0,
2023-08-17,439.7,440.62,430.01,433.44,45239500,-0.003265418755461602,-0.003270761870127805,0.541504870036988,3,7,470.1692076885771,475.0,1.0,490.0,
2023-08-18,426.35,435.78,416.6,432.99,58262200,-0.0010382059800664312,-0.0010387452892032473,0.5407703089211401,4,6,465.8939270069345,470.0,,465.0,0.0
2023-08-21,444.94,470.65,442.22,469.67,69257300,0.08471327282385266,0.08131568738988298,0.5396571610903439,0,10,475.2323911846702,480.0,,460.0,
2023-08-22,481.35,481.87,453.33,456.68,75720700,-0.027657717120531444,-0.028047393629338363,0.5400402635768529,1,9,512.940982394991,520.0,,455.0,
2023-08-23,458.66,472.0,452.08,471.16,77904600,0.031707103442235374,0.031214812282457424,0.5406638724677568,2,8,496.2759487467633,500.0,,485.0,
2023-08-24,502.16,502.66,471.59,471.63,115604400,0.0009975379913405025,0.0009970407809484503,0.5403648902985131,3,7,509.3149067031336,515.0,1.0,485.0,
2023-08-25,470.12,478.05,450.24,460.18,92534100,-0.024277505671818966,-0.024577062580145515,0.5410034483859423,4,6,506.86636029033946,510.0,,475.0,0.0
2023-08-28,464.82,469.8,448.88,468.35,68519200,0.01775392237819995,0.01759816236375303,0.5409431386803809,0,10,505.0953111088437,510.0,,470.0,
2023-08-29,466.66,490.81,463.91,487.84,70139700,0.04161417743140805,0.04077160358480499,0.5416442705264398,1,9,511.60680164898855,515.0,,480.0,
2023-08-30,490.44,499.27,484.25,492.64,73520600,0.009839291571006825,0.00979120093624553,0.5416566965625047,2,8,530.2685855053791,535.0,,520.0,
2023-08-31,493.8,497.44,489.58,493.55,52857000,0.0018471906463137788,0.0018454866877067769,0.5314355231751008,3,7,532.6105269519713,540.0,1.0,500.0,
2023-09-01,497.62,498.0,481.42,485.09,46319100,-0.017141120453854852,-0.01728973013153258,0.5318859183718088,4,6,529.7928722830908,535.0,,515.0,0.0
2023-09-04,497.62,498.0,481.42,485.09,46319100,-0.017141120453854852,0.0,0.5315151799349888,0,10,531.601612270813,535.0,,510.0,
2023-09-05,482.23,488.51,478.6,485.48,38265300,0.0008039745201922077,0.0008036515057962835,0.5313099212200884,1,9,529.0776788351757,535.0,,510.0,
2023-09-06,484.41,485.49,465.8,470.61,46867000,-0.03062948010216693,-0.031108366701902108,0.5324733413604604,2,8,526.8643357310077,530.0,,515.0,
2023-09-07,455.25,463.44,451.52,462.41,43332989,-0.017424194131021364,-0.01757778211435798,0.5325571401707699,3,7,508.1206162624781,515.0,1.0,535.0,
2023-09-08,459.42,466.06,452.71,455.72,47389994,-0.01446768019722755,-0.014573357591985543,0.532913858196908,4,6,496.44040835773484,500.0,,540.0,0.0
2023-09-11,461.48,461.63,443.12,451.78,47391755,-0.008645659615553525,-0.008683250150786052,0.5297772321202185,0,10,499.50392526170407,505.0,,535.0,
2023-09-12,447.38,456.73,445.31,448.7,34924934,-0.0068174775333126325,-0.006840822697191367,0.5298406287003778,1,9,492.60731516260114,500.0,,535.0,
2023-09-13,446.0,459.3,445.03,454.85,39828735,0.013706262536215874,0.013613181286133341,0.529142998193035,2,8,486.8389079736286,490.0,,535.0,
2023-09-14,459.5,459.8699,451.31,455.81,37009720,0.002110585907441953,0.0021083617499727397,0.5290603404889431,3,7,490.86894180700807,495.0,1.0,530.0,
2023-09-15,453.41,455.99,438.08,439.0,50585211,-0.03687940150501301,-0.03757664294287227,0.5303769596704612,4,6,489.1265746888502,495.0,,515.0,0.0
2023-09-18,427.48,442.42,420.0,439.66,50022279,0.0015034168564920236,0.001502287856799622,0.5283509104354811,0,10,480.967440639113,485.0,,500.0,
2023-09-19,438.33,439.66,430.02,435.2,37306424,-0.010144202338170483,-0.010196005390238183,0.5284418338816959,1,9,479.28038008937204,485.0,,505.0,
2023-09-20,436.0,439.03,422.23,422.39,36706369,-0.02943474264705881,-0.02987663767234468,0.5289846737523093,2,8,472.089740703211,475.0,,500.0,
2023-09-21,415.83,421.0,409.8,410.17,45044396,-0.028930609152678755,-0.029357349961676712,0.5280432019072002,3,7,455.82808517200635,460.0,1.0,490.0,
2023-09-22,415.72,421.15,412.31,416.1,47909231,0.014457420094107443,0.014353908081184303,0.5281331965253749,4,6,440.0909129482484,445.0,,495.0,0.0
2023-09-25,415.91,425.36,411.77,422.22,41909096,0.014708002883922155,0.014600889217616979,0.5281217173212668,0,10,455.7022035647808,460.0,,495.0,
2023-09-26,420.01,428.2,416.55,419.11,40228209,-0.007365828241201355,-0.0073930899063657735,0.5207725462220623,1,9,460.25153072480697,465.0,,485.0,
2023-09-27,423.3,428.72,416.2901,424.68,44493520,0.01329006704683744,0.013202528845225547,0.5193514347568919,2,8,454.09934110145565,460.0,,485.0,
2023-09-28,424.6,434.4631,421.15,430.89,42466279,0.014622774795139737,0.014516892966468603,0.519287438982682,3,7,457.66395747526394,465.0,1.0,475.0,
2023-09-29,438.27,441.44,433.0694,434.99,39782993,0.009515189491517528,0.009470205206856134,0.5191488474570435,4,6,461.78294103796236,465.0,,460.0,0.0
2023-10-02,440.3,451.75,438.61,447.82,43329821,0.02949493091795219,0.029068323644495336,0.5185814100196999,0,10,475.6538463380056,480.0,,445.0,
2023-10-03,448.08,451.3,432.46,435.17,47084954,-0.02824795676834435,-0.028654606621034175,0.5151372236554769,1,9,487.39749209283633,490.0,,460.0,
2023-10-04,437.42,441.43,432.9201,440.41,36182086,0.012041271227336559,0.011969351878911188,0.5125471982864955,2,8,471.0911826140486,475.0,,465.0,
2023-10-05,440.5,449.0,438.88,446.88,39348309,0.01469085624758737,0.0145839909757972,0.512631256688522,3,7,474.1507878069656,480.0,1.0,460.0,
2023-10-06,441.93,457.89,440.26,457.62,43439102,0.02403329752953809,0.02374904320733554,0.5129628991313082,4,6,478.49448325102446,485.0,,465.0,0.0
2023-10-09,448.42,456.05,443.68,452.73,40967472,-0.010685721777894286,-0.010743224105633362,0.5131712373657727,0,10,499.8667773018296,505.0,,465.0,
2023-10-10,453.1,462.59,450.88,457.98,36858208,0.011596315684845315,0.011529593739865238,0.5129319566118528,1,9,492.3062711372399,495.0,,480.0,
2023-10-11,461.96,468.59,460.5,468.06,37813689,0.02200969474649539,0.02177097778984267,0.5131722812631813,2,8,495.6157272261517,500.0,,490.0,
2023-10-12,467.77,476.09,463.3,469.45,48114000,0.0029697047387087228,0.0029653038762797027,0.5110938738902968,3,7,503.96448414386157,510.0,1.0,475.0,
2023-10-13,469.6,471.16,452.8,454.61,47535099,-0.03161146021940564,-0.0321218881677352,0.5113835588018741,4,6,502.5581629873129,510.0,,480.0,0.0
2023-10-16,450.63,462.25,449.12,460.95,37509924,0.013946019665207476,0.01384966870778208,0.5111935749564822,0,10,496.44391174023855,500.0,,485.0,
2023-10-17,440.0,447.54,424.8,439.38,81218032,-0.04679466319557435,-0.047924934943569954,0.5120232379804138,1,9,501.0829781703556,505.0,,505.0,
2023-10-18,425.91,432.19,418.25,421.96,62726794,-0.039646775001138,-0.040454119487425416,0.5131711674304561,2,8,475.4206999586684,480.0,,495.0,
2023-10-19,428.11,432.97,418.82,421.01,50028708,-0.002251398236799651,-0.0022539364442027156,0.5132147420321974,3,7,454.32811950557806,460.0,1.0,500.0,
2023-10-20,418.9,424.7,410.78,413.87,47706986,-0.01695921712073345,-0.017104671517283555,0.5128644710541961,4,6,450.8293867552533,455.0,,510.0,0.0
2023-10-23,412.29,432.4799,409.45,429.75,47851249,0.038369536327832465,0.03765172941083702,0.5138247286779061,0,10,452.07018456404467,455.0,,510.0,
2023-10-24,430.77,436.97,426.91,436.63,40146337,0.016009307737056444,0.015882510272847115,0.5116214916669366,1,9,467.36730488742,470.0,,500.0,
2023-10-25,433.98,436.5,415.55,417.79,39825922,-0.0431486613379749,-0.044107240596864446,0.513888180064202,2,8,472.4159049376893,475.0,,505.0,
2023-10-26,418.53,422.5555,398.8019,403.26,54100132,-0.03477823787070067,-0.03539739872901183,0.5151418856619971,3,7,449.8846990458583,455.0,1.0,480.0,
2023-10-27,411.3,412.06,400.15,405.0,41678441,0.004314834102068232,0.004305551896609728,0.5113352115427741,4,6,431.9331640620165,435.0,,460.0,0.0
2023-10-30,410.87,422.82,404.81,411.61,38804213,0.016320987654321106,0.016189231990684977,0.4946505743454808,0,10,442.2650423936766,445.0,,455.0,
2023-10-31,404.5,408.79,392.3001,407.8,51793870,-0.00925633488010491,-0.009299440956869156,0.49376587181088166,1,9,446.23995614616524,450.0,,455.0,
2023-11-01,408.84,423.81,408.69,423.25,43759290,0.03788621873467379,0.03718616287288983,0.49487124403593297,2,8,440.0116714515223,445.0,,470.0,
2023-11-02,433.28,438.84,428.94,435.06,40914437,0.02790313053750748,0.027520931598311735,0.4950868069721257,3,7,454.51755184579446,460.0,1.0,475.0,
2023-11-03,440.2,453.0899,437.23,450.05,42460959,0.03445501769870818,0.03387473509153788,0.4934163877989511,4,6,464.74977564032923,470.0,,455.0,0.0
2023-11-06,452.845,459.35,448.99,457.51,40073335,0.01657593600711027,0.016440054697098038,0.4932040488138614,0,10,489.9465893233938,495.0,,435.0,
2023-11-07,457.19,462.18,451.575,459.55,34316547,0.004458918930733802,0.004449007403926201,0.4927317827572294,1,9,495.8845013041438,500.0,,445.0,
2023-11-08,461.0,468.67,459.68,465.74,34671894,0.013469698618213455,0.013379788700971128,0.4927049894284461,2,8,495.770405342253,500.0,,450.0,
2023-11-09,474.67,482.3,467.5,469.5,54034597,0.008073173873835104,0.008040760143227875,0.4909475670095908,3,7,499.9904783156622,505.0,1.0,445.0,
2023-11-10,475.0,484.72,472.8301,483.35,42159953,0.029499467518636857,0.029072730262296842,0.490923100428996,4,6,501.263324586098,505.0,,460.0,1.0
